[{"caseid":"123","casereceiveddate":"2017-12-23T14:00","petitioner":0,"respondent":0,"classification":"nothing","casecharge":null,"casename":"case 123","casetype":null,"prosecutor":0,"judge":0,"penalcode":null,"status":null,"assignedto":0,"receivedfrom":null,"stage":null,"courthouse":null,"category":"Reschedule"},{"caseid":"234","casereceiveddate":"2017-12-24T14:22","petitioner":0,"respondent":0,"classification":"nothing","casecharge":null,"casename":"case#2","casetype":null,"prosecutor":0,"judge":0,"penalcode":null,"status":null,"assignedto":0,"receivedfrom":null,"stage":null,"courthouse":null,"category":"Pending"},{"caseid":"345","casereceiveddate":"2017-12-23T02:03","petitioner":0,"respondent":0,"classification":"nothing","casecharge":null,"casename":"case#345","casetype":null,"prosecutor":0,"judge":0,"penalcode":null,"status":null,"assignedto":0,"receivedfrom":null,"stage":null,"courthouse":null,"category":"Reschedule"},{"caseid":"567","casereceiveddate":"2017-12-28T14:23","petitioner":0,"respondent":0,"classification":"nothing","casecharge":null,"casename":"567","casetype":null,"prosecutor":0,"judge":0,"penalcode":null,"status":null,"assignedto":0,"receivedfrom":null,"stage":null,"courthouse":null,"category":"Pending"}]